mode,n,success_rate,baseline_mode,baseline_n,baseline_success_rate,delta_vs_baseline,ci_low,ci_high,ci_method
A1,120,0.26666666666666666,M,120,0.25,0.016666666666666663,-0.09407124547359895,0.1274045788069323,normal_approx_diff_proportions_95
A2,120,0.26666666666666666,M,120,0.25,0.016666666666666663,-0.09407124547359895,0.1274045788069323,normal_approx_diff_proportions_95
A3,120,0.26666666666666666,M,120,0.25,0.016666666666666663,-0.09407124547359895,0.1274045788069323,normal_approx_diff_proportions_95
