{
  "modes": {
    "B1": {
      "mean_conf": 0.8606316137566138,
      "std_conf": 0.17111059126020253,
      "seed_means": {
        "0": 0.8851686507936508,
        "1": 0.8553075396825397,
        "2": 0.8414186507936509
      }
    },
    "B2": {
      "mean_conf": 0.8800760582010583,
      "std_conf": 0.11134963205701709,
      "seed_means": {
        "0": 0.8844742063492064,
        "1": 0.8778769841269842,
        "2": 0.8778769841269842
      }
    },
    "M": {
      "mean_conf": 0.8598214285714287,
      "std_conf": 0.17105456795146323,
      "seed_means": {
        "0": 0.8382936507936508,
        "1": 0.8705853174603175,
        "2": 0.8705853174603175
      }
    }
  },
  "pairwise": {
    "m_wins": 4,
    "n_tasks": 120,
    "win_rate": 0.03333333333333333
  },
  "ranking_by_seed": [
    "B2",
    "B2",
    "B2"
  ],
  "ranking_stable": true,
  "friedman": {
    "statistic": 9.946236559145659,
    "p": 0.07677302118519504
  }
}