{
  "modes": {
    "B2": {
      "mean_conf": 0.8916666666666665,
      "std_conf": 0.03352007615769956,
      "seed_means": {
        "0": 0.8916666666666667,
        "1": 0.8916666666666667,
        "2": 0.8916666666666667
      }
    },
    "M": {
      "mean_conf": 0.8625,
      "std_conf": 0.1644812239549179,
      "seed_means": {
        "0": 0.8625,
        "1": 0.8333333333333334,
        "2": 0.8916666666666667
      }
    }
  },
  "pairwise": {
    "m_wins": 0,
    "n_tasks": 30,
    "win_rate": 0.0
  },
  "ranking_by_seed": [
    "B2",
    "B2",
    "tie"
  ],
  "ranking_stable": false,
  "friedman": {
    "statistic": 7.000000000001599,
    "p": 0.22064030793659217
  }
}