{
  "eval_type": "impl_screening",
  "n_boot": 5000,
  "seed": 42,
  "modes": {
    "B1": {
      "n": 852,
      "pdr": 0.0,
      "far": 1.0,
      "pdr_ci95": [
        0.0,
        0.0
      ],
      "far_ci95": [
        1.0,
        1.0
      ]
    },
    "B2": {
      "n": 852,
      "pdr": 0.911972,
      "far": 0.088028,
      "pdr_ci95": [
        0.892019,
        0.930751
      ],
      "far_ci95": [
        0.069249,
        0.107981
      ]
    },
    "M": {
      "n": 852,
      "pdr": 0.949531,
      "far": 0.050469,
      "pdr_ci95": [
        0.934272,
        0.963615
      ],
      "far_ci95": [
        0.036385,
        0.065728
      ]
    }
  },
  "delta_M_minus_B2": {
    "n_paired": 852,
    "pdr_pp": 3.756,
    "far_pp": -3.756,
    "pdr_delta_ci95": [
      0.024648,
      0.050469
    ],
    "far_delta_ci95": [
      -0.050469,
      -0.024648
    ],
    "pdr_ci_excludes_0": true,
    "far_ci_excludes_0": true
  },
  "industrial_slice": {
    "modes": {
      "B2": {
        "n": 132,
        "pdr": 0.4318181818181818,
        "far": 0.5681818181818182,
        "pdr_ci95": [
          0.3484848484848485,
          0.5151515151515151
        ],
        "far_ci95": [
          0.48484848484848486,
          0.6515151515151515
        ]
      },
      "A2": {
        "n": 132,
        "pdr": 0.4318181818181818,
        "far": 0.5681818181818182,
        "pdr_ci95": [
          0.3484848484848485,
          0.5151515151515151
        ],
        "far_ci95": [
          0.48484848484848486,
          0.6515151515151515
        ]
      },
      "M": {
        "n": 132,
        "pdr": 0.6742424242424242,
        "far": 0.32575757575757575,
        "pdr_ci95": [
          0.5909090909090909,
          0.75
        ],
        "far_ci95": [
          0.25,
          0.4090909090909091
        ]
      }
    },
    "delta_M_minus_B2": {
      "n_paired": 132,
      "far_pp": -24.24242424242425,
      "far_delta_ci95": [
        -0.3181818181818182,
        -0.1742424242424242
      ],
      "far_ci_excludes_0": true
    }
  }
}