{
  "M": {
    "far": 0.05046948356807512,
    "pdr": 0.9495305164319249
  },
  "B2": {
    "far": 0.0880281690140845,
    "pdr": 0.9119718309859155
  },
  "B1": {
    "far": 1.0,
    "pdr": 0.0
  }
}