{
  "run": "run_ir_combo_seed_gemini_n40_v1",
  "model": "gemini-2.5-flash",
  "n_tasks_per_seed": 40,
  "n_paired_cells": 120,
  "pooled": {
    "test_only": {
      "n": 120,
      "full_mean": 0.3770833333333333,
      "comp_mean": 0.04479166666666667,
      "delta_pp": 33.229166666666664,
      "wins": 47,
      "losses": 8,
      "ties": 65,
      "ci95_pp": [
        25.104166666666668,
        41.875
      ],
      "ci_excludes_0": true
    },
    "test_expected": {
      "n": 120,
      "full_mean": 0.3770833333333333,
      "comp_mean": 0.051041666666666666,
      "delta_pp": 32.604166666666664,
      "wins": 47,
      "losses": 8,
      "ties": 65,
      "ci95_pp": [
        24.583333333333332,
        41.14583333333333
      ],
      "ci_excludes_0": true
    },
    "ir_no_expected": {
      "n": 120,
      "full_mean": 0.3770833333333333,
      "comp_mean": 0.32708333333333334,
      "delta_pp": 5.0,
      "wins": 29,
      "losses": 17,
      "ties": 74,
      "ci95_pp": [
        -3.5416666666666665,
        13.645833333333332
      ],
      "ci_excludes_0": false
    }
  },
  "by_seed": {
    "combo_invert_relop": {
      "test_only": {
        "n": 40,
        "full_mean": 0.340625,
        "comp_mean": 0.06875,
        "delta_pp": 27.187499999999996,
        "wins": 14,
        "losses": 4,
        "ties": 22,
        "ci95_pp": [
          14.0625,
          41.5625
        ],
        "ci_excludes_0": true
      },
      "test_expected": {
        "n": 40,
        "full_mean": 0.340625,
        "comp_mean": 0.05,
        "delta_pp": 29.062500000000004,
        "wins": 14,
        "losses": 3,
        "ties": 23,
        "ci95_pp": [
          15.937499999999998,
          43.75
        ],
        "ci_excludes_0": true
      },
      "ir_no_expected": {
        "n": 40,
        "full_mean": 0.340625,
        "comp_mean": 0.3875,
        "delta_pp": -4.6875,
        "wins": 7,
        "losses": 8,
        "ties": 25,
        "ci95_pp": [
          -18.132812499999996,
          9.0625
        ],
        "ci_excludes_0": false
      }
    },
    "combo_swap_relop": {
      "test_only": {
        "n": 40,
        "full_mean": 0.390625,
        "comp_mean": 0.046875,
        "delta_pp": 34.375,
        "wins": 15,
        "losses": 3,
        "ties": 22,
        "ci95_pp": [
          19.6875,
          49.6875
        ],
        "ci_excludes_0": true
      },
      "test_expected": {
        "n": 40,
        "full_mean": 0.390625,
        "comp_mean": 0.04375,
        "delta_pp": 34.6875,
        "wins": 16,
        "losses": 4,
        "ties": 20,
        "ci95_pp": [
          19.6875,
          50.625
        ],
        "ci_excludes_0": true
      },
      "ir_no_expected": {
        "n": 40,
        "full_mean": 0.390625,
        "comp_mean": 0.278125,
        "delta_pp": 11.25,
        "wins": 11,
        "losses": 5,
        "ties": 24,
        "ci95_pp": [
          -3.4375000000000004,
          26.25
        ],
        "ci_excludes_0": false
      }
    },
    "drop_first_guard": {
      "test_only": {
        "n": 40,
        "full_mean": 0.4,
        "comp_mean": 0.01875,
        "delta_pp": 38.125,
        "wins": 18,
        "losses": 1,
        "ties": 21,
        "ci95_pp": [
          23.4375,
          53.125
        ],
        "ci_excludes_0": true
      },
      "test_expected": {
        "n": 40,
        "full_mean": 0.4,
        "comp_mean": 0.059375,
        "delta_pp": 34.0625,
        "wins": 17,
        "losses": 1,
        "ties": 22,
        "ci95_pp": [
          20.3125,
          48.4375
        ],
        "ci_excludes_0": true
      },
      "ir_no_expected": {
        "n": 40,
        "full_mean": 0.4,
        "comp_mean": 0.315625,
        "delta_pp": 8.4375,
        "wins": 11,
        "losses": 4,
        "ties": 25,
        "ci95_pp": [
          -6.25,
          22.8125
        ],
        "ci_excludes_0": false
      }
    }
  },
  "paper_claim": "On gemini-2.5-flash hard combo seeds (n=40 x 3), semantic_ir beats test_only and test_expected with CI excl 0 on every seed; does NOT beat ir_no_expected (CI includes 0). Supports C2 vs unstructured/expected-string feedback under harder bugs; does not claim uniqueness vs every structured ablation."
}