{
  "n": 120,
  "comparisons": {
    "M_vs_B1": {
      "cliffs_delta": -0.035694444444444445,
      "wilcoxon_p": 0.05878172135535886,
      "observed_power_approx": 0.058329685877815486,
      "n_for_80pct_power": 6161
    },
    "M_vs_B2": {
      "cliffs_delta": -0.014166666666666666,
      "wilcoxon_p": 0.5886881339518899,
      "observed_power_approx": 0.03555487647373478,
      "n_for_80pct_power": 39109
    }
  }
}