{
  "B1": {
    "detection_rate": 0.4295774647887324,
    "false_accept_rate": 0.5657276995305164,
    "strict_conformance": 0.42291092232406785,
    "n": 1704
  },
  "B2": {
    "detection_rate": 0.8843896713615024,
    "false_accept_rate": 0.11502347417840375,
    "strict_conformance": 0.5053313709416996,
    "n": 1704
  },
  "M": {
    "detection_rate": 0.903169014084507,
    "false_accept_rate": 0.09624413145539906,
    "strict_conformance": 0.5025818491194078,
    "n": 1704
  },
  "A1": {
    "detection_rate": 0.903755868544601,
    "false_accept_rate": 0.09565727699530517,
    "strict_conformance": 0.4975283801574881,
    "n": 1704
  },
  "A2": {
    "detection_rate": 0.8814553990610329,
    "false_accept_rate": 0.11854460093896714,
    "strict_conformance": 0.5071012494721415,
    "n": 1704
  },
  "A3": {
    "detection_rate": 0.9055164319248826,
    "false_accept_rate": 0.09389671361502347,
    "strict_conformance": 0.46436955063715624,
    "n": 1704
  },
  "by_eval_type": {
    "B1": {
      "spec_confusion": {
        "detection_rate": 0.8591549295774648,
        "false_accept_rate": 0.13145539906103287,
        "strict_conformance": 0.8458218446481357,
        "n": 852
      },
      "impl_screening": {
        "detection_rate": 0.0,
        "false_accept_rate": 1.0,
        "strict_conformance": 0.0,
        "n": 852
      }
    },
    "B2": {
      "spec_confusion": {
        "detection_rate": 0.8568075117370892,
        "false_accept_rate": 0.142018779342723,
        "strict_conformance": 0.9052245572198624,
        "n": 852
      },
      "impl_screening": {
        "detection_rate": 0.9119718309859155,
        "false_accept_rate": 0.0880281690140845,
        "strict_conformance": 0.10543818466353677,
        "n": 852
      }
    },
    "M": {
      "spec_confusion": {
        "detection_rate": 0.8568075117370892,
        "false_accept_rate": 0.142018779342723,
        "strict_conformance": 0.900703604342102,
        "n": 852
      },
      "impl_screening": {
        "detection_rate": 0.9495305164319249,
        "false_accept_rate": 0.05046948356807512,
        "strict_conformance": 0.10446009389671361,
        "n": 852
      }
    },
    "A1": {
      "spec_confusion": {
        "detection_rate": 0.857981220657277,
        "false_accept_rate": 0.14084507042253522,
        "strict_conformance": 0.8900098119581688,
        "n": 852
      },
      "impl_screening": {
        "detection_rate": 0.9495305164319249,
        "false_accept_rate": 0.05046948356807512,
        "strict_conformance": 0.10504694835680752,
        "n": 852
      }
    },
    "A2": {
      "spec_confusion": {
        "detection_rate": 0.8509389671361502,
        "false_accept_rate": 0.14906103286384975,
        "strict_conformance": 0.9103292595076633,
        "n": 852
      },
      "impl_screening": {
        "detection_rate": 0.9119718309859155,
        "false_accept_rate": 0.0880281690140845,
        "strict_conformance": 0.10387323943661972,
        "n": 852
      }
    },
    "A3": {
      "spec_confusion": {
        "detection_rate": 0.8615023474178404,
        "false_accept_rate": 0.13732394366197184,
        "strict_conformance": 0.8238877710708696,
        "n": 852
      },
      "impl_screening": {
        "detection_rate": 0.9495305164319249,
        "false_accept_rate": 0.05046948356807512,
        "strict_conformance": 0.10485133020344288,
        "n": 852
      }
    }
  }
}