mode,temperature,success_rate,formal
A1,0.2,0.26666666666666666,0.8652391975308641
A2,0.2,0.26666666666666666,0.9090663580246914
A3,0.2,0.26666666666666666,0.8414737654320987
B0,0.2,0.275,0.275
B1,0.2,0.26666666666666666,0.8418981481481481
B2,0.2,0.26666666666666666,0.880054012345679
M,0.2,0.25,0.9042438271604938
