{
  "wins": 2,
  "n": 120,
  "win_rate": 0.016666666666666666,
  "ci_low": 0.0,
  "ci_high": 0.03957218920955931
}