{
  "wins": 6,
  "n": 120,
  "win_rate": 0.05,
  "ci_low": 0.011004701138043152,
  "ci_high": 0.08899529886195685
}